SET DEFINE OFF

delete from TB_PRODUTO_ARVORE;
Insert into TB_PRODUTO_ARVORE (IN_PRODUTO_SEM_OFERTA,CD_PROD,CD_SUBP,CD_SITU_PROD_ARVORE) values ('N','57','1002','A');
Insert into TB_PRODUTO_ARVORE (IN_PRODUTO_SEM_OFERTA,CD_PROD,CD_SUBP,CD_SITU_PROD_ARVORE) values ('N','57','1003','A');
Insert into TB_PRODUTO_ARVORE (IN_PRODUTO_SEM_OFERTA,CD_PROD,CD_SUBP,CD_SITU_PROD_ARVORE) values ('N','57','1004','A');
Insert into TB_PRODUTO_ARVORE (IN_PRODUTO_SEM_OFERTA,CD_PROD,CD_SUBP,CD_SITU_PROD_ARVORE) values ('N','56','0229','A');
Insert into TB_PRODUTO_ARVORE (IN_PRODUTO_SEM_OFERTA,CD_PROD,CD_SUBP,CD_SITU_PROD_ARVORE) values ('N','56','0235','A');

-- produto sem oferta, 
insert into TB_PROD(CD_PROD, CD_SUBP, CD_RAMO_DOMI,DS_PROD_SUBP_VC,DS_PROD_CORP,CD_PROC_SUSEP) values ('99', '9999', 50388, 'Produto sem oferta', 'Produto sem oferta', '00000.000000/0000-00'); 
insert into TB_PRODUTO_ARVORE(CD_PROD, CD_SUBP, IN_PRODUTO_SEM_OFERTA, CD_SITU_PROD_ARVORE) values ('99', '9999', 'S', 'A'); 


-- mensagem produto
insert into TB_MENSAGEM_PRODUTO(CD_MENSAGEM_PRODUTO, DS_MENSAGEM) values (1, 'Mensagem inferior ao comercializado'); 
insert into TB_MENSAGEM_PRODUTO(CD_MENSAGEM_PRODUTO, DS_MENSAGEM) values (2, 'Mensagem superior ao comercializado'); 


commit;

delete from TB_TAG;

Insert into TB_TAG (CD_TAG,DS_TAG) values (1,'Segmento');
Insert into TB_TAG (CD_TAG,DS_TAG) values (2,'PF');
Insert into TB_TAG (CD_TAG,DS_TAG) values (3,'PJ');
Insert into TB_TAG (CD_TAG,DS_TAG) values (4,'Renda');
Insert into TB_TAG (CD_TAG,DS_TAG) values (5,'Idade');
Insert into TB_TAG (CD_TAG,DS_TAG) values (6,'IS');
Insert into TB_TAG (CD_TAG,DS_TAG) values (7,'Profissão');
Insert into TB_TAG (CD_TAG,DS_TAG) values (8,'Sexo');
Insert into TB_TAG (CD_TAG,DS_TAG) values (9,'Estado civil');
Insert into TB_TAG (CD_TAG,DS_TAG) values (10,'Finalidade');
commit;

delete from TB_PERGUNTA;
Insert into TB_PERGUNTA (CD_PERGUNTA,DS_PERGUNTA,IN_EDITAVEL,CD_TIPO_RESPOSTA,CD_DOMI) values (43,'Qual o tipo de relação com o imóvel?',null,1,null);
Insert into TB_PERGUNTA (CD_PERGUNTA,DS_PERGUNTA,IN_EDITAVEL,CD_TIPO_RESPOSTA,CD_DOMI) values (41,'Qual o segmento do cliente?','N',3,null);
Insert into TB_PERGUNTA (CD_PERGUNTA,DS_PERGUNTA,IN_EDITAVEL,CD_TIPO_RESPOSTA,CD_DOMI) values (42,'Qual a finalidade do imóvel?',null,1,null);
Insert into TB_PERGUNTA (CD_PERGUNTA,DS_PERGUNTA,IN_EDITAVEL,CD_TIPO_RESPOSTA,CD_DOMI) values (44,'Atualmente você reside no imóvel segurado?',null,1,null);
Insert into TB_PERGUNTA (CD_PERGUNTA,DS_PERGUNTA,IN_EDITAVEL,CD_TIPO_RESPOSTA,CD_DOMI) values (45,'O imóvel está financiado ou possui seguro de estrutura?',null,1,null);
Insert into TB_PERGUNTA (CD_PERGUNTA,DS_PERGUNTA,IN_EDITAVEL,CD_TIPO_RESPOSTA,CD_DOMI) values (46,'Qual o tipo do imóvel?',null,1,null);
Insert into TB_PERGUNTA (CD_PERGUNTA,DS_PERGUNTA,IN_EDITAVEL,CD_TIPO_RESPOSTA,CD_DOMI) values (47,'O cliente pertence à algum grupo segurado?',null,1,null);
Insert into TB_PERGUNTA (CD_PERGUNTA,DS_PERGUNTA,IN_EDITAVEL,CD_TIPO_RESPOSTA,CD_DOMI) values (48,'Haverá atividade profissional neste imóvel?',null,1,null);
Insert into TB_PERGUNTA (CD_PERGUNTA,DS_PERGUNTA,IN_EDITAVEL,CD_TIPO_RESPOSTA,CD_DOMI) values (49,'Qual o valor do imóvel a ser segurado?',null,2,null);
Insert into TB_PERGUNTA (CD_PERGUNTA,DS_PERGUNTA,IN_EDITAVEL,CD_TIPO_RESPOSTA,CD_DOMI) values (50,'Qual o % de cobertura desejado?',null,2,null);
Insert into TB_PERGUNTA (CD_PERGUNTA,DS_PERGUNTA,IN_EDITAVEL,CD_TIPO_RESPOSTA,CD_DOMI) values (51,'Valor da IS',null,null,null);
Insert into TB_PERGUNTA (CD_PERGUNTA,DS_PERGUNTA,IN_EDITAVEL,CD_TIPO_RESPOSTA,CD_DOMI) values (52,'Qual a idade do cliente segurado?',null,2,null);
Insert into TB_PERGUNTA (CD_PERGUNTA,DS_PERGUNTA,IN_EDITAVEL,CD_TIPO_RESPOSTA,CD_DOMI) values (53,'Qual o estado civil do cliente segurado?','N',3,null);
Insert into TB_PERGUNTA (CD_PERGUNTA,DS_PERGUNTA,IN_EDITAVEL,CD_TIPO_RESPOSTA,CD_DOMI) values (54,'Qual o sexo do cliente segurado?','N',3,null);
Insert into TB_PERGUNTA (CD_PERGUNTA,DS_PERGUNTA,IN_EDITAVEL,CD_TIPO_RESPOSTA,CD_DOMI) values (55,'O cliente segurado possui filhos ou dependentes financeiros?',null,1,null);
Insert into TB_PERGUNTA (CD_PERGUNTA,DS_PERGUNTA,IN_EDITAVEL,CD_TIPO_RESPOSTA,CD_DOMI) values (56,'Qual o valor da renda atual do cliente segurado?',null,2,null);
Insert into TB_PERGUNTA (CD_PERGUNTA,DS_PERGUNTA,IN_EDITAVEL,CD_TIPO_RESPOSTA,CD_DOMI) values (57,'Qual múltiplo de renda gostaria de utilizar?',null,2,null);
Insert into TB_PERGUNTA (CD_PERGUNTA,DS_PERGUNTA,IN_EDITAVEL,CD_TIPO_RESPOSTA,CD_DOMI) values (58,'Qual o segmento da empresa?','N',3,null);
Insert into TB_PERGUNTA (CD_PERGUNTA,DS_PERGUNTA,IN_EDITAVEL,CD_TIPO_RESPOSTA,CD_DOMI) values (59,'Qual o ramo de atividade da empresa?',null,1,null);
Insert into TB_PERGUNTA (CD_PERGUNTA,DS_PERGUNTA,IN_EDITAVEL,CD_TIPO_RESPOSTA,CD_DOMI) values (61,'Qual o valor do patrimônio a ser segurado?',null,2,null);
Insert into TB_PERGUNTA (CD_PERGUNTA,DS_PERGUNTA,IN_EDITAVEL,CD_TIPO_RESPOSTA,CD_DOMI) values (62,'Qual a quantidade de sócios?',null,2,null);
Insert into TB_PERGUNTA (CD_PERGUNTA,DS_PERGUNTA,IN_EDITAVEL,CD_TIPO_RESPOSTA,CD_DOMI) values (63,'Qual a quantidade de funcionários?',null,2,null);
Insert into TB_PERGUNTA (CD_PERGUNTA,DS_PERGUNTA,IN_EDITAVEL,CD_TIPO_RESPOSTA,CD_DOMI) values (64,'Qual dos tipos de plano gostaria?',null,1,null);
Insert into TB_PERGUNTA (CD_PERGUNTA,DS_PERGUNTA,IN_EDITAVEL,CD_TIPO_RESPOSTA,CD_DOMI) values (65,'Qual seria o tipo de simulação desejada?',null,1,null);
Insert into TB_PERGUNTA (CD_PERGUNTA,DS_PERGUNTA,IN_EDITAVEL,CD_TIPO_RESPOSTA,CD_DOMI) values (66,'De qual forma a divisão de capital deve ser aplicada?',null,1,null);
commit;

delete from TB_PERGUNTA_TAG;

Insert into TB_PERGUNTA_TAG (CD_PERGUNTA,CD_TAG) values (51,6);
Insert into TB_PERGUNTA_TAG (CD_PERGUNTA,CD_TAG) values (52,5);
Insert into TB_PERGUNTA_TAG (CD_PERGUNTA,CD_TAG) values (53,9);
Insert into TB_PERGUNTA_TAG (CD_PERGUNTA,CD_TAG) values (54,8);
Insert into TB_PERGUNTA_TAG (CD_PERGUNTA,CD_TAG) values (56,4);
Insert into TB_PERGUNTA_TAG (CD_PERGUNTA,CD_TAG) values (41,1);
Insert into TB_PERGUNTA_TAG (CD_PERGUNTA,CD_TAG) values (41,2);
Insert into TB_PERGUNTA_TAG (CD_PERGUNTA,CD_TAG) values (42,10);

commit;

delete from TB_RESPOSTA;
Insert into TB_RESPOSTA (CD_RESPOSTA,DS_RESPOSTA,DS_CATEGORIA,CD_PERGUNTA) values (56,'vg',null,41);
Insert into TB_RESPOSTA (CD_RESPOSTA,DS_RESPOSTA,DS_CATEGORIA,CD_PERGUNTA) values (57,'sel',null,41);
Insert into TB_RESPOSTA (CD_RESPOSTA,DS_RESPOSTA,DS_CATEGORIA,CD_PERGUNTA) values (58,'pf',null,41);
Insert into TB_RESPOSTA (CD_RESPOSTA,DS_RESPOSTA,DS_CATEGORIA,CD_PERGUNTA) values (59,'CASADO(A)-PARTICIP FINAL DOS AQUESTOS',null,53);
Insert into TB_RESPOSTA (CD_RESPOSTA,DS_RESPOSTA,DS_CATEGORIA,CD_PERGUNTA) values (60,'SEPARADO/A JUDICIALMENTE',null,53);
Insert into TB_RESPOSTA (CD_RESPOSTA,DS_RESPOSTA,DS_CATEGORIA,CD_PERGUNTA) values (61,'UNIAO ESTAVEL-SEPARACAO BENS',null,53);
Insert into TB_RESPOSTA (CD_RESPOSTA,DS_RESPOSTA,DS_CATEGORIA,CD_PERGUNTA) values (62,'CASADO(A)-COMUNHAO UNIVERSAL BENS',null,53);
Insert into TB_RESPOSTA (CD_RESPOSTA,DS_RESPOSTA,DS_CATEGORIA,CD_PERGUNTA) values (63,'SOLTEIRO(A)',null,53);
Insert into TB_RESPOSTA (CD_RESPOSTA,DS_RESPOSTA,DS_CATEGORIA,CD_PERGUNTA) values (64,'CASADO(A)-SEPARACAO BENS',null,53);
Insert into TB_RESPOSTA (CD_RESPOSTA,DS_RESPOSTA,DS_CATEGORIA,CD_PERGUNTA) values (65,'CASADO(A) S/ INFORMACAO DE REGIME',null,53);
Insert into TB_RESPOSTA (CD_RESPOSTA,DS_RESPOSTA,DS_CATEGORIA,CD_PERGUNTA) values (66,'DIVORCIADO/A',null,53);
Insert into TB_RESPOSTA (CD_RESPOSTA,DS_RESPOSTA,DS_CATEGORIA,CD_PERGUNTA) values (67,'CASADO(A)-COMUNHAO PARCIAL BENS',null,53);
Insert into TB_RESPOSTA (CD_RESPOSTA,DS_RESPOSTA,DS_CATEGORIA,CD_PERGUNTA) values (68,'VIUVO(A)',null,53);
Insert into TB_RESPOSTA (CD_RESPOSTA,DS_RESPOSTA,DS_CATEGORIA,CD_PERGUNTA) values (69,'MASCULINO',null,54);
Insert into TB_RESPOSTA (CD_RESPOSTA,DS_RESPOSTA,DS_CATEGORIA,CD_PERGUNTA) values (70,'FEMININO',null,54);
Insert into TB_RESPOSTA (CD_RESPOSTA,DS_RESPOSTA,DS_CATEGORIA,CD_PERGUNTA) values (75,null,'NUMERICO',61);
Insert into TB_RESPOSTA (CD_RESPOSTA,DS_RESPOSTA,DS_CATEGORIA,CD_PERGUNTA) values (72,'emp 2',null,58);
Insert into TB_RESPOSTA (CD_RESPOSTA,DS_RESPOSTA,DS_CATEGORIA,CD_PERGUNTA) values (73,'emp 1',null,58);
Insert into TB_RESPOSTA (CD_RESPOSTA,DS_RESPOSTA,DS_CATEGORIA,CD_PERGUNTA) values (74,null,'NUMERICO',61);
Insert into TB_RESPOSTA (CD_RESPOSTA,DS_RESPOSTA,DS_CATEGORIA,CD_PERGUNTA) values (76,null,'NUMERICO',61);
Insert into TB_RESPOSTA (CD_RESPOSTA,DS_RESPOSTA,DS_CATEGORIA,CD_PERGUNTA) values (77,null,'NUMERICO',62);
Insert into TB_RESPOSTA (CD_RESPOSTA,DS_RESPOSTA,DS_CATEGORIA,CD_PERGUNTA) values (78,null,'NUMERICO',62);
Insert into TB_RESPOSTA (CD_RESPOSTA,DS_RESPOSTA,DS_CATEGORIA,CD_PERGUNTA) values (79,null,'NUMERICO',62);
Insert into TB_RESPOSTA (CD_RESPOSTA,DS_RESPOSTA,DS_CATEGORIA,CD_PERGUNTA) values (80,null,'NUMERICO',63);
Insert into TB_RESPOSTA (CD_RESPOSTA,DS_RESPOSTA,DS_CATEGORIA,CD_PERGUNTA) values (81,null,'NUMERICO',63);
Insert into TB_RESPOSTA (CD_RESPOSTA,DS_RESPOSTA,DS_CATEGORIA,CD_PERGUNTA) values (82,'Com verba recisória',null,64);
Insert into TB_RESPOSTA (CD_RESPOSTA,DS_RESPOSTA,DS_CATEGORIA,CD_PERGUNTA) values (83,'Sem verba recisória',null,64);
Insert into TB_RESPOSTA (CD_RESPOSTA,DS_RESPOSTA,DS_CATEGORIA,CD_PERGUNTA) values (84,'Ticket ideal',null,65);
Insert into TB_RESPOSTA (CD_RESPOSTA,DS_RESPOSTA,DS_CATEGORIA,CD_PERGUNTA) values (85,'Valor de capital',null,65);
Insert into TB_RESPOSTA (CD_RESPOSTA,DS_RESPOSTA,DS_CATEGORIA,CD_PERGUNTA) values (86,'Uniforme',null,66);
Insert into TB_RESPOSTA (CD_RESPOSTA,DS_RESPOSTA,DS_CATEGORIA,CD_PERGUNTA) values (87,'Proporcional',null,66);
Insert into TB_RESPOSTA (CD_RESPOSTA,DS_RESPOSTA,DS_CATEGORIA,CD_PERGUNTA) values (88,'Serviços',null,59);
Insert into TB_RESPOSTA (CD_RESPOSTA,DS_RESPOSTA,DS_CATEGORIA,CD_PERGUNTA) values (89,'Comércio',null,59);
Insert into TB_RESPOSTA (CD_RESPOSTA,DS_RESPOSTA,DS_CATEGORIA,CD_PERGUNTA) values (90,'Agropecuário',null,59);
Insert into TB_RESPOSTA (CD_RESPOSTA,DS_RESPOSTA,DS_CATEGORIA,CD_PERGUNTA) values (91,'Indústria',null,59);
Insert into TB_RESPOSTA (CD_RESPOSTA,DS_RESPOSTA,DS_CATEGORIA,CD_PERGUNTA) values (21,'Proprietário',null,43);
Insert into TB_RESPOSTA (CD_RESPOSTA,DS_RESPOSTA,DS_CATEGORIA,CD_PERGUNTA) values (22,'Inquilino',null,43);
Insert into TB_RESPOSTA (CD_RESPOSTA,DS_RESPOSTA,DS_CATEGORIA,CD_PERGUNTA) values (23,'Habitual',null,42);
Insert into TB_RESPOSTA (CD_RESPOSTA,DS_RESPOSTA,DS_CATEGORIA,CD_PERGUNTA) values (24,'Veraneio',null,42);
Insert into TB_RESPOSTA (CD_RESPOSTA,DS_RESPOSTA,DS_CATEGORIA,CD_PERGUNTA) values (25,'Reside',null,44);
Insert into TB_RESPOSTA (CD_RESPOSTA,DS_RESPOSTA,DS_CATEGORIA,CD_PERGUNTA) values (26,'Não reside',null,44);
Insert into TB_RESPOSTA (CD_RESPOSTA,DS_RESPOSTA,DS_CATEGORIA,CD_PERGUNTA) values (27,'Sim',null,45);
Insert into TB_RESPOSTA (CD_RESPOSTA,DS_RESPOSTA,DS_CATEGORIA,CD_PERGUNTA) values (28,'Não',null,45);
Insert into TB_RESPOSTA (CD_RESPOSTA,DS_RESPOSTA,DS_CATEGORIA,CD_PERGUNTA) values (29,'Casa',null,46);
Insert into TB_RESPOSTA (CD_RESPOSTA,DS_RESPOSTA,DS_CATEGORIA,CD_PERGUNTA) values (30,'Casa em condomínio',null,46);
Insert into TB_RESPOSTA (CD_RESPOSTA,DS_RESPOSTA,DS_CATEGORIA,CD_PERGUNTA) values (31,'Apartamento',null,46);
Insert into TB_RESPOSTA (CD_RESPOSTA,DS_RESPOSTA,DS_CATEGORIA,CD_PERGUNTA) values (32,'Rural',null,46);
Insert into TB_RESPOSTA (CD_RESPOSTA,DS_RESPOSTA,DS_CATEGORIA,CD_PERGUNTA) values (33,'Não',null,47);
Insert into TB_RESPOSTA (CD_RESPOSTA,DS_RESPOSTA,DS_CATEGORIA,CD_PERGUNTA) values (34,'Funcionário Santander',null,47);
Insert into TB_RESPOSTA (CD_RESPOSTA,DS_RESPOSTA,DS_CATEGORIA,CD_PERGUNTA) values (35,'Posse C.I com Santander',null,47);
Insert into TB_RESPOSTA (CD_RESPOSTA,DS_RESPOSTA,DS_CATEGORIA,CD_PERGUNTA) values (36,'Funcionário público',null,47);
Insert into TB_RESPOSTA (CD_RESPOSTA,DS_RESPOSTA,DS_CATEGORIA,CD_PERGUNTA) values (37,'Não',null,48);
Insert into TB_RESPOSTA (CD_RESPOSTA,DS_RESPOSTA,DS_CATEGORIA,CD_PERGUNTA) values (38,'Sim - Escritório',null,48);
Insert into TB_RESPOSTA (CD_RESPOSTA,DS_RESPOSTA,DS_CATEGORIA,CD_PERGUNTA) values (39,'Sim - Comércio e serviços',null,48);
Insert into TB_RESPOSTA (CD_RESPOSTA,DS_RESPOSTA,DS_CATEGORIA,CD_PERGUNTA) values (40,null,'NUMERICO',49);
Insert into TB_RESPOSTA (CD_RESPOSTA,DS_RESPOSTA,DS_CATEGORIA,CD_PERGUNTA) values (41,null,'NUMERICO',49);
Insert into TB_RESPOSTA (CD_RESPOSTA,DS_RESPOSTA,DS_CATEGORIA,CD_PERGUNTA) values (42,null,'NUMERICO',50);
Insert into TB_RESPOSTA (CD_RESPOSTA,DS_RESPOSTA,DS_CATEGORIA,CD_PERGUNTA) values (43,null,'NUMERICO',50);
Insert into TB_RESPOSTA (CD_RESPOSTA,DS_RESPOSTA,DS_CATEGORIA,CD_PERGUNTA) values (44,null,'NUMERICO',52);
Insert into TB_RESPOSTA (CD_RESPOSTA,DS_RESPOSTA,DS_CATEGORIA,CD_PERGUNTA) values (45,null,'NUMERICO',52);
Insert into TB_RESPOSTA (CD_RESPOSTA,DS_RESPOSTA,DS_CATEGORIA,CD_PERGUNTA) values (46,null,'NUMERICO',52);
Insert into TB_RESPOSTA (CD_RESPOSTA,DS_RESPOSTA,DS_CATEGORIA,CD_PERGUNTA) values (47,null,'NUMERICO',52);
Insert into TB_RESPOSTA (CD_RESPOSTA,DS_RESPOSTA,DS_CATEGORIA,CD_PERGUNTA) values (48,'Sim',null,55);
Insert into TB_RESPOSTA (CD_RESPOSTA,DS_RESPOSTA,DS_CATEGORIA,CD_PERGUNTA) values (49,'Não',null,55);
Insert into TB_RESPOSTA (CD_RESPOSTA,DS_RESPOSTA,DS_CATEGORIA,CD_PERGUNTA) values (50,null,'NUMERICO',56);
Insert into TB_RESPOSTA (CD_RESPOSTA,DS_RESPOSTA,DS_CATEGORIA,CD_PERGUNTA) values (51,null,'NUMERICO',56);
Insert into TB_RESPOSTA (CD_RESPOSTA,DS_RESPOSTA,DS_CATEGORIA,CD_PERGUNTA) values (52,null,'NUMERICO',56);
Insert into TB_RESPOSTA (CD_RESPOSTA,DS_RESPOSTA,DS_CATEGORIA,CD_PERGUNTA) values (53,null,'NUMERICO',56);
Insert into TB_RESPOSTA (CD_RESPOSTA,DS_RESPOSTA,DS_CATEGORIA,CD_PERGUNTA) values (54,null,'NUMERICO',57);
Insert into TB_RESPOSTA (CD_RESPOSTA,DS_RESPOSTA,DS_CATEGORIA,CD_PERGUNTA) values (55,null,'NUMERICO',57);

commit;

delete from TB_RANGE_RESPOSTA;
Insert into TB_RANGE_RESPOSTA (RANGE_INICIO,RANGE_FINAL,CD_RANGE_RESPOSTA) values (0,119999,74);
Insert into TB_RANGE_RESPOSTA (RANGE_INICIO,RANGE_FINAL,CD_RANGE_RESPOSTA) values (120000,2000000,75);
Insert into TB_RANGE_RESPOSTA (RANGE_INICIO,RANGE_FINAL,CD_RANGE_RESPOSTA) values (2000001,null,76);
Insert into TB_RANGE_RESPOSTA (RANGE_INICIO,RANGE_FINAL,CD_RANGE_RESPOSTA) values (0,3,77);
Insert into TB_RANGE_RESPOSTA (RANGE_INICIO,RANGE_FINAL,CD_RANGE_RESPOSTA) values (4,300,78);
Insert into TB_RANGE_RESPOSTA (RANGE_INICIO,RANGE_FINAL,CD_RANGE_RESPOSTA) values (301,null,79);
Insert into TB_RANGE_RESPOSTA (RANGE_INICIO,RANGE_FINAL,CD_RANGE_RESPOSTA) values (1,400,80);
Insert into TB_RANGE_RESPOSTA (RANGE_INICIO,RANGE_FINAL,CD_RANGE_RESPOSTA) values (401,null,81);
Insert into TB_RANGE_RESPOSTA (RANGE_INICIO,RANGE_FINAL,CD_RANGE_RESPOSTA) values (0,2000000,40);
Insert into TB_RANGE_RESPOSTA (RANGE_INICIO,RANGE_FINAL,CD_RANGE_RESPOSTA) values (2000001,null,41);
Insert into TB_RANGE_RESPOSTA (RANGE_INICIO,RANGE_FINAL,CD_RANGE_RESPOSTA) values (0,100,42);
Insert into TB_RANGE_RESPOSTA (RANGE_INICIO,RANGE_FINAL,CD_RANGE_RESPOSTA) values (101,null,43);
Insert into TB_RANGE_RESPOSTA (RANGE_INICIO,RANGE_FINAL,CD_RANGE_RESPOSTA) values (0,14,44);
Insert into TB_RANGE_RESPOSTA (RANGE_INICIO,RANGE_FINAL,CD_RANGE_RESPOSTA) values (15,65,45);
Insert into TB_RANGE_RESPOSTA (RANGE_INICIO,RANGE_FINAL,CD_RANGE_RESPOSTA) values (66,70,46);
Insert into TB_RANGE_RESPOSTA (RANGE_INICIO,RANGE_FINAL,CD_RANGE_RESPOSTA) values (71,null,47);
Insert into TB_RANGE_RESPOSTA (RANGE_INICIO,RANGE_FINAL,CD_RANGE_RESPOSTA) values (0,3000,50);
Insert into TB_RANGE_RESPOSTA (RANGE_INICIO,RANGE_FINAL,CD_RANGE_RESPOSTA) values (3001,10000,51);
Insert into TB_RANGE_RESPOSTA (RANGE_INICIO,RANGE_FINAL,CD_RANGE_RESPOSTA) values (10001,15000,52);
Insert into TB_RANGE_RESPOSTA (RANGE_INICIO,RANGE_FINAL,CD_RANGE_RESPOSTA) values (15001,null,53);
Insert into TB_RANGE_RESPOSTA (RANGE_INICIO,RANGE_FINAL,CD_RANGE_RESPOSTA) values (0,120,54);
Insert into TB_RANGE_RESPOSTA (RANGE_INICIO,RANGE_FINAL,CD_RANGE_RESPOSTA) values (121,null,55);


commit;

delete from TB_RESP_CORPORATIVA;
Insert into TB_RESP_CORPORATIVA (CD_RESPOSTA,CD_TC_DOMI) values (56,64091);
Insert into TB_RESP_CORPORATIVA (CD_RESPOSTA,CD_TC_DOMI) values (56,64090);
Insert into TB_RESP_CORPORATIVA (CD_RESPOSTA,CD_TC_DOMI) values (56,64092);
Insert into TB_RESP_CORPORATIVA (CD_RESPOSTA,CD_TC_DOMI) values (56,64150);
Insert into TB_RESP_CORPORATIVA (CD_RESPOSTA,CD_TC_DOMI) values (57,64097);
Insert into TB_RESP_CORPORATIVA (CD_RESPOSTA,CD_TC_DOMI) values (58,64143);
Insert into TB_RESP_CORPORATIVA (CD_RESPOSTA,CD_TC_DOMI) values (58,64142);
Insert into TB_RESP_CORPORATIVA (CD_RESPOSTA,CD_TC_DOMI) values (58,64145);
Insert into TB_RESP_CORPORATIVA (CD_RESPOSTA,CD_TC_DOMI) values (58,64144);
Insert into TB_RESP_CORPORATIVA (CD_RESPOSTA,CD_TC_DOMI) values (59,64157);
Insert into TB_RESP_CORPORATIVA (CD_RESPOSTA,CD_TC_DOMI) values (60,64154);
Insert into TB_RESP_CORPORATIVA (CD_RESPOSTA,CD_TC_DOMI) values (61,64152);
Insert into TB_RESP_CORPORATIVA (CD_RESPOSTA,CD_TC_DOMI) values (62,64160);
Insert into TB_RESP_CORPORATIVA (CD_RESPOSTA,CD_TC_DOMI) values (63,64151);
Insert into TB_RESP_CORPORATIVA (CD_RESPOSTA,CD_TC_DOMI) values (64,64155);
Insert into TB_RESP_CORPORATIVA (CD_RESPOSTA,CD_TC_DOMI) values (65,64158);
Insert into TB_RESP_CORPORATIVA (CD_RESPOSTA,CD_TC_DOMI) values (66,64156);
Insert into TB_RESP_CORPORATIVA (CD_RESPOSTA,CD_TC_DOMI) values (67,64159);
Insert into TB_RESP_CORPORATIVA (CD_RESPOSTA,CD_TC_DOMI) values (68,64153);
Insert into TB_RESP_CORPORATIVA (CD_RESPOSTA,CD_TC_DOMI) values (69,27118);
Insert into TB_RESP_CORPORATIVA (CD_RESPOSTA,CD_TC_DOMI) values (70,27119);
Insert into TB_RESP_CORPORATIVA (CD_RESPOSTA,CD_TC_DOMI) values (72,64100);
Insert into TB_RESP_CORPORATIVA (CD_RESPOSTA,CD_TC_DOMI) values (73,64099);
commit;